[
    {
        "model": "countries.country",
        "pk": 1,
        "fields": {
            "name": "Thailand",
            "capital": "Bangkok",
            "area": 513120
        }
    },
    {
        "model": "countries.country",
        "pk": 2,
        "fields": {
            "name": "Australia",
            "capital": "Canberra",
            "area": 7617930
        }
    },
    {
        "model": "countries.country",
        "pk": 3,
        "fields": {
            "name": "Egypt",
            "capital": "Cairo",
            "area": 1010408
        }
    },
    {
        "model": "countries.country",
        "pk": 4,
        "fields": {
            "name": "India",
            "capital": "New Delhi",
            "area": 7617930
        }
    }
]